trial_id,condition,speed_pwm,loop_latency_ms,trial_in_condition,stopping_margin_in
1,1,130,10,1,4.1
2,1,130,10,2,4
3,1,130,10,3,4.4
4,1,130,10,4,3.8
5,1,130,10,5,4.3
6,1,130,10,6,4.1
7,1,130,10,7,4.2
8,1,130,10,8,3.9
9,1,130,10,9,4.5
10,1,130,10,10,4
11,1,130,10,11,4.1
12,1,130,10,12,3.8
13,1,130,10,13,4
14,1,130,10,14,4.4
15,1,130,10,15,3.9
16,1,130,10,16,4.3
17,1,130,10,17,3.8
18,1,130,10,18,4.2
19,1,130,10,19,4
20,1,130,10,20,4
21,2,130,50,1,3.9
22,2,130,50,2,3.5
23,2,130,50,3,4
24,2,130,50,4,3.3
25,2,130,50,5,3.8
26,2,130,50,6,3.6
27,2,130,50,7,3.7
28,2,130,50,8,3.4
29,2,130,50,9,4.1
30,2,130,50,10,3.5
31,2,130,50,11,3.7
32,2,130,50,12,3.3
33,2,130,50,13,3.6
34,2,130,50,14,3.9
35,2,130,50,15,3.5
36,2,130,50,16,3.8
37,2,130,50,17,3.4
38,2,130,50,18,3.7
39,2,130,50,19,3.5
40,2,130,50,20,3.5
41,3,130,100,1,3.4
42,3,130,100,2,3
43,3,130,100,3,3.5
44,3,130,100,4,2.8
45,3,130,100,5,3.3
46,3,130,100,6,3.1
47,3,130,100,7,3.2
48,3,130,100,8,2.9
49,3,130,100,9,3.6
50,3,130,100,10,3
51,3,130,100,11,3.2
52,3,130,100,12,2.8
53,3,130,100,13,3.1
54,3,130,100,14,3.4
55,3,130,100,15,3
56,3,130,100,16,3.3
57,3,130,100,17,2.9
58,3,130,100,18,3.2
59,3,130,100,19,3
60,3,130,100,20,3
61,4,130,150,1,3
62,4,130,150,2,2.6
63,4,130,150,3,3.1
64,4,130,150,4,2.4
65,4,130,150,5,2.9
66,4,130,150,6,2.7
67,4,130,150,7,2.8
68,4,130,150,8,2.5
69,4,130,150,9,3.2
70,4,130,150,10,2.6
71,4,130,150,11,2.8
72,4,130,150,12,2.4
73,4,130,150,13,2.7
74,4,130,150,14,3
75,4,130,150,15,2.6
76,4,130,150,16,2.9
77,4,130,150,17,2.5
78,4,130,150,18,2.8
79,4,130,150,19,2.6
80,4,130,150,20,2.6
81,5,130,200,1,2.5
82,5,130,200,2,2.1
83,5,130,200,3,2.6
84,5,130,200,4,1.9
85,5,130,200,5,2.4
86,5,130,200,6,2.2
87,5,130,200,7,2.3
88,5,130,200,8,2
89,5,130,200,9,2.7
90,5,130,200,10,2.1
91,5,130,200,11,2.3
92,5,130,200,12,1.9
93,5,130,200,13,2.2
94,5,130,200,14,2.5
95,5,130,200,15,2.1
96,5,130,200,16,2.4
97,5,130,200,17,2
98,5,130,200,18,2.3
99,5,130,200,19,2.1
100,5,130,200,20,2.1
101,6,190,10,1,3.2
102,6,190,10,2,2.8
103,6,190,10,3,3.3
104,6,190,10,4,2.6
105,6,190,10,5,3.1
106,6,190,10,6,2.9
107,6,190,10,7,3
108,6,190,10,8,2.7
109,6,190,10,9,3.4
110,6,190,10,10,2.8
111,6,190,10,11,3
112,6,190,10,12,2.6
113,6,190,10,13,2.9
114,6,190,10,14,3.2
115,6,190,10,15,2.8
116,6,190,10,16,3.1
117,6,190,10,17,2.7
118,6,190,10,18,3
119,6,190,10,19,2.8
120,6,190,10,20,2.8
121,7,190,50,1,2.6
122,7,190,50,2,2.2
123,7,190,50,3,2.7
124,7,190,50,4,2
125,7,190,50,5,2.5
126,7,190,50,6,2.3
127,7,190,50,7,2.4
128,7,190,50,8,2.1
129,7,190,50,9,2.8
130,7,190,50,10,2.2
131,7,190,50,11,2.4
132,7,190,50,12,2
133,7,190,50,13,2.3
134,7,190,50,14,2.6
135,7,190,50,15,2.2
136,7,190,50,16,2.5
137,7,190,50,17,2.1
138,7,190,50,18,2.4
139,7,190,50,19,2.2
140,7,190,50,20,2.2
141,8,190,100,1,2
142,8,190,100,2,1.6
143,8,190,100,3,2.1
144,8,190,100,4,1.4
145,8,190,100,5,1.9
146,8,190,100,6,1.7
147,8,190,100,7,1.8
148,8,190,100,8,1.5
149,8,190,100,9,2.2
150,8,190,100,10,1.6
151,8,190,100,11,1.8
152,8,190,100,12,1.4
153,8,190,100,13,1.7
154,8,190,100,14,2
155,8,190,100,15,1.6
156,8,190,100,16,1.9
157,8,190,100,17,1.5
158,8,190,100,18,1.8
159,8,190,100,19,1.6
160,8,190,100,20,1.6
161,9,190,150,1,1.5
162,9,190,150,2,1.1
163,9,190,150,3,1.6
164,9,190,150,4,0.9
165,9,190,150,5,1.4
166,9,190,150,6,1.2
167,9,190,150,7,1.3
168,9,190,150,8,1
169,9,190,150,9,1.7
170,9,190,150,10,1.1
171,9,190,150,11,1.3
172,9,190,150,12,0.9
173,9,190,150,13,1.2
174,9,190,150,14,1.5
175,9,190,150,15,1.1
176,9,190,150,16,1.4
177,9,190,150,17,1
178,9,190,150,18,1.3
179,9,190,150,19,1.1
180,9,190,150,20,1.1
181,10,190,200,1,0.9
182,10,190,200,2,0.5
183,10,190,200,3,1
184,10,190,200,4,0.3
185,10,190,200,5,0.8
186,10,190,200,6,0.6
187,10,190,200,7,0.7
188,10,190,200,8,0.4
189,10,190,200,9,1.1
190,10,190,200,10,0.5
191,10,190,200,11,0.7
192,10,190,200,12,0.3
193,10,190,200,13,0.6
194,10,190,200,14,0.9
195,10,190,200,15,0.5
196,10,190,200,16,0.8
197,10,190,200,17,0.4
198,10,190,200,18,0.7
199,10,190,200,19,0.5
200,10,190,200,20,0.5
201,11,250,10,1,2.3
202,11,250,10,2,1.9
203,11,250,10,3,2.4
204,11,250,10,4,1.7
205,11,250,10,5,2.2
206,11,250,10,6,2
207,11,250,10,7,2.1
208,11,250,10,8,1.8
209,11,250,10,9,2.5
210,11,250,10,10,1.9
211,11,250,10,11,2.1
212,11,250,10,12,1.7
213,11,250,10,13,2
214,11,250,10,14,2.3
215,11,250,10,15,1.9
216,11,250,10,16,2.2
217,11,250,10,17,1.8
218,11,250,10,18,2.1
219,11,250,10,19,1.9
220,11,250,10,20,1.9
221,12,250,50,1,1.8
222,12,250,50,2,1.4
223,12,250,50,3,1.9
224,12,250,50,4,1.2
225,12,250,50,5,1.7
226,12,250,50,6,1.5
227,12,250,50,7,1.6
228,12,250,50,8,1.3
229,12,250,50,9,2
230,12,250,50,10,1.4
231,12,250,50,11,1.6
232,12,250,50,12,1.2
233,12,250,50,13,1.5
234,12,250,50,14,1.8
235,12,250,50,15,1.4
236,12,250,50,16,1.7
237,12,250,50,17,1.3
238,12,250,50,18,1.6
239,12,250,50,19,1.4
240,12,250,50,20,1.4
241,13,250,100,1,1.1
242,13,250,100,2,0.7
243,13,250,100,3,1.2
244,13,250,100,4,0.5
245,13,250,100,5,1
246,13,250,100,6,0.8
247,13,250,100,7,0.9
248,13,250,100,8,0.6
249,13,250,100,9,1.3
250,13,250,100,10,0.7
251,13,250,100,11,0.9
252,13,250,100,12,0.5
253,13,250,100,13,0.8
254,13,250,100,14,1.1
255,13,250,100,15,0.7
256,13,250,100,16,1
257,13,250,100,17,0.6
258,13,250,100,18,0.9
259,13,250,100,19,0.7
260,13,250,100,20,0.7
261,14,250,150,1,0.5
262,14,250,150,2,0.1
263,14,250,150,3,0.6
264,14,250,150,4,-0.1
265,14,250,150,5,0.4
266,14,250,150,6,0.2
267,14,250,150,7,0.3
268,14,250,150,8,0
269,14,250,150,9,0.7
270,14,250,150,10,0.1
271,14,250,150,11,0.3
272,14,250,150,12,-0.1
273,14,250,150,13,0.2
274,14,250,150,14,0.5
275,14,250,150,15,0.1
276,14,250,150,16,0.4
277,14,250,150,17,0
278,14,250,150,18,0.3
279,14,250,150,19,0.1
280,14,250,150,20,0.1
281,15,250,200,1,-0.2
282,15,250,200,2,-0.6
283,15,250,200,3,-0.1
284,15,250,200,4,-0.8
285,15,250,200,5,-0.3
286,15,250,200,6,-0.5
287,15,250,200,7,-0.4
288,15,250,200,8,-0.7
289,15,250,200,9,0
290,15,250,200,10,-0.6
291,15,250,200,11,-0.4
292,15,250,200,12,-0.8
293,15,250,200,13,-0.5
294,15,250,200,14,-0.2
295,15,250,200,15,-0.6
296,15,250,200,16,-0.3
297,15,250,200,17,-0.7
298,15,250,200,18,-0.4
299,15,250,200,19,-0.5
300,15,250,200,20,-0.6
